{
    "pitch_min": 55.856262,
    "pitch_max": 794.145447,
    "pitch_mean": 189.002823,
    "pitch_std": 65.403259,
    "energy_min": 0.000716,
    "energy_max": 509.224335,
    "energy_mean": 40.162933,
    "energy_std": 43.525543,
    "mel_mean": -5.405963,
    "mel_std": 2.705946
}